mijanto,71d44a7d-fe98-4b8a-8be6-5a6eed73c6b9
mushroombasher,557d1b5b-138e-493c-aa73-a340f8a8193f
bts_jlmln,b042df3a-74c9-4422-b284-3003d062afb2
callumsteele,dbe60449-86c7-434f-b458-003a2dfaad93
alfronswig,5af85cf9-bae4-40a9-afd5-fee1a478157a
dead_kingz,7cd311c8-493f-48b5-8770-b8c95ab35c22
millermatt1212,88606730-600f-4225-8278-29ff57803998
nandopatel,4cd1c40c-ec0d-4883-aa97-0ab4ad295706
fixingstyle,440456f2-530b-4c7a-9c9c-303b962e1cb8
luc1f3rr,e50c9176-9c51-45af-9441-69aa881da8ab
dxwsxn,ed5e6add-690d-4809-808d-1e536000eeed
bankplat,5c7ef716-25a5-4ebf-a4b4-e812a9838a16
boyboywc,7b0d2635-36ee-3b34-80bf-6c5a24842d46
geertwilders073,c45880dc-b5dd-43fc-946d-584fec328cd9
atactfulcow,9d5d1b89-e3cb-4a3a-a7da-f7ba65533801
faction_8,7571b600-d590-3d7a-8c2d-6fa5c653667d
faction_7,461d1c63-25b8-3a8f-831b-3f2b5ad39c77
naxtinguisher,fac26df5-a2a3-495e-9dd3-45fd2e333a4b
faction_9,edf50043-9670-3283-bb93-587bd86ddf09
faction_4,6d12e0fa-21f8-396f-bfb3-ef5da30bbfc5
custom_url,15482061-f713-49dd-98e7-58043b973460
faction_5,83c8ebbc-b5b2-38a0-a0f1-1abcaee43fea
xcl,617dedee-c51c-4995-a995-c0467c8a98a4
lampmanneke2,0c1fd65c-618a-4fc2-9673-ea88d88b7b26
ninjaharg,ded32f19-a3ac-4a2d-b51c-30f3535715af
mr_squeaky,f0e9e97c-1b53-4543-b23c-77e8ab1390ff
jojamall,e0a5879c-1b97-480c-8327-d68b34ddae6a
eggslampa,7bee520d-034d-4aa3-aac8-ed48d1526a75
dr_aircondition,b8b763c1-a672-4046-8cdf-b3d756c64c8e
synchro99,7ecc276e-f8a5-47c8-9b5d-3fb1d3ee9966
henryxbox360,47b8f927-8582-4305-be07-6dd5cea2cd7c
nkkk13,a75d89f8-085f-4755-9132-3ff90d7cecd9
infectionzoey,7f82e807-54f8-4c03-8f50-5f4243e53b36
_crazypandaboy_,f76b23d6-50a5-4717-a5ab-1bd527243101
piratestoney02,3b31dd5d-be6d-43cf-9edf-5abbe1cbe802
zedphox,76816463-674c-44bf-bf35-f84aa6ab78e5
